INSERT INTO installs (pc_id, soft_id) VALUES
	(101, 1),
	(102, 2),
	(103, 3),
	(104, 1),
	(105, 2),
	(106, 3),
	(107, 1),
	(108, 2),
	(109, 3),
	(110, 1),
	(111, 2),
	(112, 3),
	(113, 1),
	(114, 2),
	(115, 3),
	(116, 1),
	(117, 2),
	(118, 3),
	(119, 1),
	(120, 3),
	(121, 2),
	(122, 2),
	(123, 2),
	(124, 3),
	(125, 1),
	(126, 2),
	(127, 3),
	(128, 1),
	(129, 2),
	(130, 3),
	(131, 1),
	(132, 2),
	(133, 3),
	(134, 1),
	(135, 2),
	(136, 3),
	(137, 2),
	(138, 1),
	(139, 3),
	(140, 1),
	(141, 2),
	(142, 1),
	(143, 2),
	(144, 3),
	(145, 1),
	(146, 3),
	(147, 2),
	(148, 3),
	(149, 2),
	(150, 1),
	(151, 1),
	(152, 2),
	(153, 3),
	(154, 3),
	(155, 3),
	(156, 2),
	(157, 2),
	(158, 2),
	(159, 3),
	(160, 3);

INSERT INTO rooms (id, num, emp_id) VALUES 
	(1, 2, 1),
	(2, 3, 1),
	(3, 4, 2),
	(4, 5, 2),
	(5, 6, 2),
	(6, 7, 3),
	(7, 8, 3),
	(8, 9, 3),
	(9, 10, 4),
	(10, 11, 4),
	(11, 12, 5),
	(12, 13, 5),
	(13, 14, 5),
	(14, 15, 5),
	(15, 16, 6);
INSERT INTO soft (id, sname, ver, quant) VALUES
	(1, 'Word', 1, 10),
	(2, 'Excel', 3, 15),
	(3, 'PowerPoint', 1, 10),
	(4, 'Evernote', 4, 15),
	(5, 'Duo', 1, 10);
INSERT INTO pcs (id, room_id, note, ip_addr, mac_addr) VALUES
	(1, 1, 'kek', '127.0.0.1', '4f:0:0:1'),
	(2, 1, 'kek', '127.0.0.2', '4f:0:0:2'),
	(3, 2, 'kek', '127.0.0.3', '4f:0:0:3'),
	(4, 2, 'kek', '127.0.0.4', '4f:0:0:4'),
	(5, 3, 'kek', '127.0.0.5', '4f:0:0:5'),
	(6, 3, 'kek', '127.0.0.6', '4f:0:0:6'),
	(7, 4, 'kek', '127.0.0.7', '4f:0:0:7'),
	(8, 4, 'kek', '127.0.0.8', '4f:0:0:8'),
	(9, 5, 'kek', '127.0.0.9', '4f:0:0:9'),
	(10, 5, 'kek', '127.0.0.10', '4f:0:0:10'),
	(11, 6, 'kek', '127.0.0.11', '4f:0:0:11'),
	(12, 6, 'kek', '127.0.0.12', '4f:0:0:12'),
	(13, 7, 'kek', '127.0.0.13', '4f:0:0:13'),
	(14, 7, 'kek', '127.0.0.14', '4f:0:0:14'),
	(15, 8, 'kek', '127.0.0.15', '4f:0:0:15'),
	(16, 8, 'kek', '127.0.0.16', '4f:0:0:4d'),
	(17, 9, 'kek', '127.0.0.17', '4f:0:0:4g'),
	(18, 9, 'kek', '127.0.0.18', '4f:0:0:d1'),
	(19, 10, 'kek', '127.0.0.19', '4f:0:0:3f'),
	(20, 10, 'kek', '127.0.0.20', '4f:0:0:6g'),
	(21, 11, 'kek', '127.0.0.21', '4f:0:0:7g'),
	(22, 11, 'kek', '127.0.0.22', '4f:0:0:h5'),
	(23, 12, 'kek', '127.0.0.23', '4f:0:0:4l'),
	(24, 12, 'kek', '127.0.0.24', '4f:0:0:1f'),
	(25, 13, 'kek', '127.0.0.25', '4f:0:0:2f'),
	(26, 13, 'kek', '127.0.0.26', '4f:0:0:3a'),
	(27, 14, 'kek', '127.0.0.27', '4f:0:0:5c'),
	(28, 14, 'kek', '127.0.0.28', '4f:0:0:9f'),
	(29, 15, 'kek', '127.0.0.29', '4f:0:0:4j'),
	(30, 15, 'kek', '127.0.0.30', '4f:0:0:1x'),
INSERT INTO employyes (id, lname, fname, mname) VALUES
	(1, 'Timofeev', 'Nikita', 'Olegovich'),
	(2, 'Miterin', 'Pisha', 'Yug'),
	(3, 'Novskiy', 'Nikita', 'Alekseevich'),
	(4, 'Kiselev', 'Sergey', 'Konstantinovich'),
	(5, 'Gladkov', 'Artem', 'Alekseevich'),
	(6, 'Tortishev', 'Nikita', 'Dmitrievich'),
	(7, 'Yaroslavlev', 'Nikita', 'Sergeevich'),
	(8, 'Dorozhkin', 'Alexander', 'Sergeevich'),
	(9, 'Velov', 'Gleb', 'Olegovich'),
	(10, 'Kisel', 'Sergay', 'Konstantinovich');
